Table 4. 8B: Distribution of establishments by institutional sector and whether they buy or sell service abroad or not.,,,,,
,,,,,
Institutional sector,Did you have any transaction of services with a foreign country during the past 12 months,,,,
,Total,"Yes, Export","Yes, Import","Yes, Export and Import",No
Private sector,258280,406,1120,290,256464
Cooperative,2496,19,17,3,2457
Public sector,3698,13,11,9,3665
Public Private Partnership,2047,3,14,12,2018
NGO (Rwanda),2017,7,20,5,1985
NGO(International),656,8,20,2,626
Total,269194,456,1202,321,267215
